Workbook

Sheet Variables
A1: ASEGURADORA ANCÓN, S.A. – VARIABLES DE VALORACIÓN DE RIESGOS BC/FT/FPADM
A2: Evaluación Independiente 2024-2025 | Preparado por: José A. Serrano | 02 abril 2026
A4: ESCALA DE PROBABILIDAD
A5: Nombre | B5: Descripción | E5: Puntaje
A6: Frecuente | B6: La probabilidad de ocurrencia del riesgo es muy alta; sucede en la mayoría de las circunstancias. | E6: 5
A7: Probable | B7: Es probable que el riesgo ocurra; los controles o procesos no son suficientemente efectivos para prevenirlo. | E7: 4
A8: Ocasional | B8: Existe la posibilidad de que el riesgo ocurra; los controles de mitigación no son del todo efectivos. | E8: 3
A9: Posible | B9: Existe una posibilidad limitada de que el riesgo ocurra; es poco probable con los controles actuales. | E9: 2
A10: Improbable | B10: La probabilidad de materialización es extremadamente baja; los controles son altamente efectivos. | E10: 1
A12: ESCALA DE IMPACTO
A13: Nombre | B13: Descripción | E13: Puntaje
A14: Catastrófico | B14: La materialización causaría impacto severo e irreversible: sanciones regulatorias mayores, pérdidas masivas, daño reputacional crítico. | E14: 5
A15: Mayor | B15: Generaría pérdidas o sanciones significativas, requiriendo intervención inmediata de la alta gerencia y la Junta Directiva. | E15: 4
A16: Moderado | B16: Impacto considerable: puede afectar operaciones o comprometer el cumplimiento regulatorio de forma parcial. | E16: 3
A17: Menor | B17: Impacto leve; genera correcciones administrativas menores sin afectar operaciones críticas. | E17: 2
A18: Insignificante | B18: Impacto mínimo sobre la operación; se resuelve con controles normales sin mayor afectación. | E18: 1
A20: TABLA DE NIVELES DE RIESGO (P × I)
A21: CLAVE (PROB:IMP) | B21: NIVEL DE RIESGO | C21: PUNTAJE P×I
A22: 5:1 | B22: MEDIO | C22: 5
A23: 5:2 | B23: MEDIO-ALTO | C23: 10
A24: 5:3 | B24: CRÍTICO | C24: 15
A25: 5:4 | B25: CRÍTICO | C25: 20
A26: 5:5 | B26: CRÍTICO | C26: 25
A27: 4:1 | B27: MEDIO | C27: 4
A28: 4:2 | B28: MEDIO-ALTO | C28: 8
A29: 4:3 | B29: MEDIO-ALTO | C29: 12
A30: 4:4 | B30: CRÍTICO | C30: 16
A31: 4:5 | B31: CRÍTICO | C31: 20
A32: 3:1 | B32: BAJO | C32: 3
A33: 3:2 | B33: MEDIO | C33: 6
... A46: 1:5 | B46: MEDIO | C46: 5
A47: OM | B47: OPT. DE MEJORA | C47: N/A
A49: DESCRIPCIÓN DE NIVELES DE RIESGO
A50: Nivel | B50: Descripción / Acción Requerida | E50: Puntaje P×I
A51: BAJO | B51: Riesgo aceptable. Controles mínimos son suficientes. Monitoreo semestral. | E51: 1 – 3
A52: MEDIO | B52: Riesgo manejable. Requiere medidas correctivas (60-90 días). Monitoreo trimestral. | E52: 4 – 6
A53: MEDIO-ALTO | B53: Riesgo significativo. Requiere plan de acción formal (30-60 días). Monitoreo mensual. | E53: 8 – 12
A54: CRÍTICO | B54: Riesgo inaceptable. Acción inmediata (0-30 días). Reporte obligatorio a JD y Oficial de Cumplimiento. | E54: 15 – 25
A55: OPT. DE MEJORA | B55: No es hallazgo de incumplimiento. Mejora preventiva o de adecuación normativa prospectiva. | E55: N/A

Sheet Riesgos
A1: ASEGURADORA ANCÓN, S.A. – MATRIZ DE RIESGO GSM – EVALUACIÓN INDEPENDIENTE 2024-2025
A2: Período: 1 julio 2024 – 30 junio 2025 | Elaborado: José A. Serrano | Fecha: 02 de abril de 2026
A3: DESCRIPCIÓN DEL HALLAZGO / OPORTUNIDAD DE MEJORA | B3: TIPO | C3: DOCUMENTO(S) AFECTADO(S) | D3: OBSERVACIÓN / NOTA JS | E3: PROBABILIDAD | F3: PROB. PUNT. | G3: IMPACTO | H3: IMP. PUNT. | I3: CALIFIC. P:I | J3: NIVEL DE RIESGO
A4: Ausencia o insuficiencia en el mantenimiento del Registro de Operaciones Sospechosas (ROS). Requiere verificación del estado actual con el Oficial de Cumplimiento. Hallazgo formal documentado en Inspección SSRP 2022 (DSR-0924-2023). | B4: Brecha | C4: MPREMET-21; Informe SSRP 2022 | D4: Verificar ROS actualizado con el Oficial de Cumplimiento antes de cierre del informe. | E4: Probable | F4: =IFERROR(VLOOKUP(E4,Variables!$A$6:$E$10,5,0),"") -> 4 | G4: Mayor | H4: =IFERROR(VLOOKUP(G4,Variables!$A$14:$E$18,5,0),"") -> 4 | I4: =IF(B4="Oportunidad de Mejora","OM",IFERROR(CONCATENATE(F4,":",H4),"")) -> 4:4 | J4: =IFERROR(VLOOKUP(I4,Variables!$A$22:$B$47,2,FALSE()),"Por definir") -> CRÍTICO
A5: Matriz de Riesgo Institucional no contempla los factores BC/FT/FPADM exigidos (clientes, geografías, productos, servicios, canales de distribución). Solo cubre riesgos operativos. Incumplimiento formal documentado por SSRP. | B5: Brecha | C5: Informe SSRP 2022 | D5: Prioridad alta. Debe elaborarse matriz BC/FT separada de la operativa. | E5: Probable | F5: =IFERROR(VLOOKUP(E5,Variables!$A$6:$E$10,5,0),"") -> 4 | G5: Mayor | H5: =IFERROR(VLOOKUP(G5,Variables!$A$14:$E$18,5,0),"") -> 4 | I5: =IF(B5="Oportunidad de Mejora","OM",IFERROR(CONCATENATE(F5,":",H5),"")) -> 4:4 | J5: =IFERROR(VLOOKUP(I5,Variables!$A$22:$B$47,2,FALSE()),"Por definir") -> CRÍTICO
A6: Área de Cumplimiento con funciones combinadas de PBC/FT/FPADM y asesoría legal. Insuficiencia estructural detectada por SSRP. Verificar si la contratación de asistente resuelve la insuficiencia documentada. | B6: Brecha | C6: Informe SSRP 2022; CAPAC-8 | D6: Confirmar si la nueva contratación satisface el requerimiento de la SSRP. | E6: Ocasional | F6: =IFERROR(VLOOKUP(E6,Variables!$A$6:$E$10,5,0),"") -> 3 | G6: Mayor | H6: =IFERROR(VLOOKUP(G6,Variables!$A$14:$E$18,5,0),"") -> 4 | I6: =IF(B6="Oportunidad de Mejora","OM",IFERROR(CONCATENATE(F6,":",H6),"")) -> 3:4 | J6: =IFERROR(VLOOKUP(I6,Variables!$A$22:$B$47,2,FALSE()),"Por definir") -> MEDIO-ALTO
A7: Clientes emitidos sin perfil de riesgo completo en el sistema, en potencial violación de la política institucional. La política establece que no se permite emisión sin perfil de riesgo. Requiere validación mediante revisión de expedientes. | B7: Brecha | C7: MPREMET-21; CONCLI-15; Informe SSRP 2022 | D7: Revisar muestra de expedientes del período para cuantificar el incumplimiento. | E7: Ocasional | F7: =IFERROR(VLOOKUP(E7,Variables!$A$6:$E$10,5,0),"") -> 3 | G7: Mayor | H7: =IFERROR(VLOOKUP(G7,Variables!$A$14:$E$18,5,0),"") -> 4 | I7: =IF(B7="Oportunidad de Mejora","OM",IFERROR(CONCATENATE(F7,":",H7),"")) -> 3:4 | J7: =IFERROR(VLOOKUP(I7,Variables!$A$22:$B$47,2,FALSE()),"Por definir") -> MEDIO-ALTO
A8: Monitoreo transaccional manual y reactivo (procesado a fin de mes, no en tiempo real). Sistema de monitoreo automatizado (DEIVID) aún en revisión técnica sin fecha comprometida de implementación. | B8: Brecha | C8: GESADHE-12; DNR ALERTAS MONITOREOS; Informe SSRP 2022 | D8: Solicitar cronograma formal de implementación DEIVID con responsable y fecha. | E8: Probable | F8: =IFERROR(VLOOKUP(E8,Variables!$A$6:$E$10,5,0),"") -> 4 | G8: Moderado | H8: =IFERROR(VLOOKUP(G8,Variables!$A$14:$E$18,5,0),"") -> 3 | I8: =IF(B8="Oportunidad de Mejora","OM",IFERROR(CONCATENATE(F8,":",H8),"")) -> 4:3 | J8: =IFERROR(VLOOKUP(I8,Variables!$A$22:$B$47,2,FALSE()),"Por definir") -> MEDIO-ALTO
A9: Reclamos tramitados sin verificación del perfil de riesgo del asegurado (R3) y sin actualización de Debida Diligencia (R4) con frecuencia MUY ALTA. El control depende del criterio del empleado, no de automatización del sistema. | B9: Brecha | C9: Eval. Riesgo Reclamos V0 20250721 | D9: El nivel de riesgo de R3 y R4 puede estar subestimado. Coordinar revisión con TS. | E9: Probable | F9: =IFERROR(VLOOKUP(E9,Variables!$A$6:$E$10,5,0),"") -> 4 | G9: Moderado | H9: =IFERROR(VLOOKUP(G9,Variables!$A$14:$E$18,5,0),"") -> 3 | I9: =IF(B9="Oportunidad de Mejora","OM",IFERROR(CONCATENATE(F9,":",H9),"")) -> 4:3 | J9: =IFERROR(VLOOKUP(I9,Variables!$A$22:$B$47,2,FALSE()),"Por definir") -> MEDIO-ALTO
A10: Monitoreo de noticias adversas discontinuo (meses sin cobertura documentada). Los reportes existentes carecen de campos requeridos: fecha de alerta, área, analista, descripción, resultado, aprobador y fecha de cierre. | B10: Brecha | C10: GESADHE-12; Informe SSRP 2022 | D10: Implementar plantilla estándar para reportes de monitoreo de noticias con todos los campos. | E10: Probable | F10: =IFERROR(VLOOKUP(E10,Variables!$A$6:$E$10,5,0),"") -> 4 | G10: Moderado | H10: =IFERROR(VLOOKUP(G10,Variables!$A$14:$E$18,5,0),"") -> 3 | I10: =IF(B10="Oportunidad de Mejora","OM",IFERROR(CONCATENATE(F10,":",H10),"")) -> 4:3 | J10: =IFERROR(VLOOKUP(I10,Variables!$A$22:$B$47,2,FALSE()),"Por definir") -> MEDIO-ALTO
A11: Búsquedas en listas de sanción (OFAC, ONU) realizadas únicamente para clientes de alto riesgo. Requiere validación del alcance actual en el sistema DEIVID. Nota: criterio revisado por GSM en 2023; coordinar posición definitiva con TS. | B11: Brecha | C11: MPREMET-21; CONCLI-15; Informe SSRP 2022 | D11: Aclarar con TS si el alcance vigente de la búsqueda en listas satisface el Acuerdo 03-2022. | E11: Ocasional | F11: =IFERROR(VLOOKUP(E11,Variables!$A$6:$E$10,5,0),"") -> 3 | G11: Moderado | H11: =IFERROR(VLOOKUP(G11,Variables!$A$14:$E$18,5,0),"") -> 3 | I11: =IF(B11="Oportunidad de Mejora","OM",IFERROR(CONCATENATE(F11,":",H11),"")) -> 3:3 | J11: =IFERROR(VLOOKUP(I11,Variables!$A$22:$B$47,2,FALSE()),"Por definir") -> MEDIO-ALTO
A12: Aprobaciones especiales con posible vencimiento o documentación incompleta. Requiere validación mediante revisión de expedientes actualizada. No puede basarse únicamente en hallazgo de la SSRP de 2022. | B12: Brecha | C12: MPREMET-21; Informe SSRP 2022 | D12: Revisar expedientes con aprobaciones especiales del período julio 2024-junio 2025. | E12: Posible | F12: =IFERROR(VLOOKUP(E12,Variables!$A$6:$E$10,5,0),"") -> 2 | G12: Moderado | H12: =IFERROR(VLOOKUP(G12,Variables!$A$14:$E$18,5,0),"") -> 3 | I12: =IF(B12="Oportunidad de Mejora","OM",IFERROR(CONCATENATE(F12,":",H12),"")) -> 2:3 | J12: =IFERROR(VLOOKUP(I12,Variables!$A$22:$B$47,2,FALSE()),"Por definir") -> MEDIO
A13: BRD del sistema de alertas de monitoreo (DNR ALERTAS MONITOREOS) con Plan de Pruebas incompleto, firmas de aprobación en blanco y sin fecha de implementación comprometida. Documento formal sin validez ejecutiva. | B13: Brecha | C13: DNR ALERTAS MONITOREOS | D13: Requerir versión aprobada del BRD con firmas y cronograma de implementación. | E13: Posible | F13: =IFERROR(VLOOKUP(E13,Variables!$A$6:$E$10,5,0),"") -> 2 | G13: Menor | H13: =IFERROR(VLOOKUP(G13,Variables!$A$14:$E$18,5,0),"") -> 2 | I13: =IF(B13="Oportunidad de Mejora","OM",IFERROR(CONCATENATE(F13,":",H13),"")) -> 2:2 | J13: =IFERROR(VLOOKUP(I13,Variables!$A$22:$B$47,2,FALSE()),"Por definir") -> MEDIO
A14: Evaluación de Riesgo del proceso de Reclamos (V0) en estado de borrador sin aprobación formal. El nivel de impacto de los controles R3 y R4 puede estar subestimado sin considerar el riesgo regulatorio BC/FT. | B14: Brecha | C14: Eval. Riesgo Reclamos V0; Eval. Riesgo Emisión V2 | D14: Validar con TS estatus formal del documento y aprobar versión definitiva. | E14: Posible | F14: =IFERROR(VLOOKUP(E14,Variables!$A$6:$E$10,5,0),"") -> 2 | G14: Menor | H14: =IFERROR(VLOOKUP(G14,Variables!$A$14:$E$18,5,0),"") -> 2 | I14: =IF(B14="Oportunidad de Mejora","OM",IFERROR(CONCATENATE(F14,":",H14),"")) -> 2:2 | J14: =IFERROR(VLOOKUP(I14,Variables!$A$22:$B$47,2,FALSE()),"Por definir") -> MEDIO
A15: Actualización normativa al Acuerdo 07-2025 (SSRP): La totalidad de las políticas institucionales referencian el Acuerdo 03-2022, vigente durante el período evaluado. La adecuación al nuevo marco normativo es una mejora prospectiva prioritaria para el 2T-2026. No constituye hallazgo de incumplimiento del período evaluado. | B15: Oportunidad de Mejora | C15: MPREMET-21; CONCLI-15; GESADHE-12; MPRMOPTR-20; CAPAC-8; RESYCON-7; CONASEM-5; CONSUREG-10; Evaluaciones de Riesgo | D15: Elaborar plan de adecuación normativa con matriz de cambios del Acuerdo 03-2022 vs Acuerdo 07-2025. | E15: Posible | F15: =IFERROR(VLOOKUP(E15,Variables!$A$6:$E$10,5,0),"") -> 2 | G15: Moderado | H15: =IFERROR(VLOOKUP(G15,Variables!$A$14:$E$18,5,0),"") -> 3 | I15: =IF(B15="Oportunidad de Mejora","OM",IFERROR(CONCATENATE(F15,":",H15),"")) -> OM | J15: =IFERROR(VLOOKUP(I15,Variables!$A$22:$B$47,2,FALSE()),"Por definir") -> OPT. DE MEJORA
... A18: Verificación integral de expedientes de intermediarios (Sujetos Regulados Grupo B): Confirmar que todos los expedientes de corredores, agencias y reaseguradoras estén al día conforme a los plazos de actualización bienal/anual establecidos en POL-CUM-27-CONSUREG-10. | B18: Oportunidad de Mejora | C18: POL-CUM-27-CONSUREG-10; Área de Intermediarios | D18: Realizar auditoría puntual de expedientes de intermediarios antes de cierre de año. | E18: Posible | F18: =IFERROR(VLOOKUP(E18,Variables!$A$6:$E$10,5,0),"") -> 2 | G18: Menor | H18: =IFERROR(VLOOKUP(G18,Variables!$A$14:$E$18,5,0),"") -> 2 | I18: =IF(B18="Oportunidad de Mejora","OM",IFERROR(CONCATENATE(F18,":",H18),"")) -> OM | J18: =IFERROR(VLOOKUP(I18,Variables!$A$22:$B$47,2,FALSE()),"Por definir") -> OPT. DE MEJORA
F19: =IFERROR(VLOOKUP(E19,Variables!$A$6:$E$10,5,0),"") | H19: =IFERROR(VLOOKUP(G19,Variables!$A$14:$E$18,5,0),"") | I19: =IF(B19="Oportunidad de Mejora","OM",IFERROR(CONCATENATE(F19,":",H19),"")) -> : | J19: =IFERROR(VLOOKUP(I19,Variables!$A$22:$B$47,2,FALSE()),"")
F20: =IFERROR(VLOOKUP(E20,Variables!$A$6:$E$10,5,0),"") | H20: =IFERROR(VLOOKUP(G20,Variables!$A$14:$E$18,5,0),"") | I20: =IF(B20="Oportunidad de Mejora","OM",IFERROR(CONCATENATE(F20,":",H20),"")) -> : | J20: =IFERROR(VLOOKUP(I20,Variables!$A$22:$B$47,2,FALSE()),"")
F21: =IFERROR(VLOOKUP(E21,Variables!$A$6:$E$10,5,0),"") | H21: =IFERROR(VLOOKUP(G21,Variables!$A$14:$E$18,5,0),"") | I21: =IF(B21="Oportunidad de Mejora","OM",IFERROR(CONCATENATE(F21,":",H21),"")) -> : | J21: =IFERROR(VLOOKUP(I21,Variables!$A$22:$B$47,2,FALSE()),"")
F22: =IFERROR(VLOOKUP(E22,Variables!$A$6:$E$10,5,0),"") | H22: =IFERROR(VLOOKUP(G22,Variables!$A$14:$E$18,5,0),"") | I22: =IF(B22="Oportunidad de Mejora","OM",IFERROR(CONCATENATE(F22,":",H22),"")) -> : | J22: =IFERROR(VLOOKUP(I22,Variables!$A$22:$B$47,2,FALSE()),"")
F23: =IFERROR(VLOOKUP(E23,Variables!$A$6:$E$10,5,0),"") | H23: =IFERROR(VLOOKUP(G23,Variables!$A$14:$E$18,5,0),"") | I23: =IF(B23="Oportunidad de Mejora","OM",IFERROR(CONCATENATE(F23,":",H23),"")) -> : | J23: =IFERROR(VLOOKUP(I23,Variables!$A$22:$B$47,2,FALSE()),"")
F24: =IFERROR(VLOOKUP(E24,Variables!$A$6:$E$10,5,0),"") | H24: =IFERROR(VLOOKUP(G24,Variables!$A$14:$E$18,5,0),"") | I24: =IF(B24="Oportunidad de Mejora","OM",IFERROR(CONCATENATE(F24,":",H24),"")) -> : | J24: =IFERROR(VLOOKUP(I24,Variables!$A$22:$B$47,2,FALSE()),"")
F25: =IFERROR(VLOOKUP(E25,Variables!$A$6:$E$10,5,0),"") | H25: =IFERROR(VLOOKUP(G25,Variables!$A$14:$E$18,5,0),"") | I25: =IF(B25="Oportunidad de Mejora","OM",IFERROR(CONCATENATE(F25,":",H25),"")) -> : | J25: =IFERROR(VLOOKUP(I25,Variables!$A$22:$B$47,2,FALSE()),"")
F26: =IFERROR(VLOOKUP(E26,Variables!$A$6:$E$10,5,0),"") | H26: =IFERROR(VLOOKUP(G26,Variables!$A$14:$E$18,5,0),"") | I26: =IF(B26="Oportunidad de Mejora","OM",IFERROR(CONCATENATE(F26,":",H26),"")) -> : | J26: =IFERROR(VLOOKUP(I26,Variables!$A$22:$B$47,2,FALSE()),"")
F27: =IFERROR(VLOOKUP(E27,Variables!$A$6:$E$10,5,0),"") | H27: =IFERROR(VLOOKUP(G27,Variables!$A$14:$E$18,5,0),"") | I27: =IF(B27="Oportunidad de Mejora","OM",IFERROR(CONCATENATE(F27,":",H27),"")) -> : | J27: =IFERROR(VLOOKUP(I27,Variables!$A$22:$B$47,2,FALSE()),"")
F28: =IFERROR(VLOOKUP(E28,Variables!$A$6:$E$10,5,0),"") | H28: =IFERROR(VLOOKUP(G28,Variables!$A$14:$E$18,5,0),"") | I28: =IF(B28="Oportunidad de Mejora","OM",IFERROR(CONCATENATE(F28,":",H28),"")) -> : | J28: =IFERROR(VLOOKUP(I28,Variables!$A$22:$B$47,2,FALSE()),"")
F29: =IFERROR(VLOOKUP(E29,Variables!$A$6:$E$10,5,0),"") | H29: =IFERROR(VLOOKUP(G29,Variables!$A$14:$E$18,5,0),"") | I29: =IF(B29="Oportunidad de Mejora","OM",IFERROR(CONCATENATE(F29,":",H29),"")) -> : | J29: =IFERROR(VLOOKUP(I29,Variables!$A$22:$B$47,2,FALSE()),"")
F30: =IFERROR(VLOOKUP(E30,Variables!$A$6:$E$10,5,0),"") | H30: =IFERROR(VLOOKUP(G30,Variables!$A$14:$E$18,5,0),"") | I30: =IF(B30="Oportunidad de Mejora","OM",IFERROR(CONCATENATE(F30,":",H30),"")) -> : | J30: =IFERROR(VLOOKUP(I30,Variables!$A$22:$B$47,2,FALSE()),"")
... F50: =IFERROR(VLOOKUP(E50,Variables!$A$6:$E$10,5,0),"") | H50: =IFERROR(VLOOKUP(G50,Variables!$A$14:$E$18,5,0),"") | I50: =IF(B50="Oportunidad de Mejora","OM",IFERROR(CONCATENATE(F50,":",H50),"")) -> : | J50: =IFERROR(VLOOKUP(I50,Variables!$A$22:$B$47,2,FALSE()),"")

Sheet Matriz de Riesgos
A1: MAPA DE RIESGO – ASEGURADORA ANCÓN, S.A. (Probabilidad × Impacto)
A2: Los valores de cada celda son generados automáticamente desde la hoja Riesgos | COUNTIF(Riesgos!$I$4:$I$50) | Evaluación Independiente 2024-2025
A3: PROBABILIDAD ↓ / IMPACTO → | C3: 1 Insignificante | D3: 2 Menor | E3: 3 Moderado | F3: 4 Mayor | G3: 5 Catastrófico
A4: 5 Frecuente | B4: 5 | C4: =COUNTIF(Riesgos!$I$4:$I$50,"5:1") -> 0 | D4: =COUNTIF(Riesgos!$I$4:$I$50,"5:2") -> 0 | E4: =COUNTIF(Riesgos!$I$4:$I$50,"5:3") -> 0 | F4: =COUNTIF(Riesgos!$I$4:$I$50,"5:4") -> 0 | G4: =COUNTIF(Riesgos!$I$4:$I$50,"5:5") -> 0
A5: 4 Probable | B5: 4 | C5: =COUNTIF(Riesgos!$I$4:$I$50,"4:1") -> 0 | D5: =COUNTIF(Riesgos!$I$4:$I$50,"4:2") -> 0 | E5: =COUNTIF(Riesgos!$I$4:$I$50,"4:3") -> 3 | F5: =COUNTIF(Riesgos!$I$4:$I$50,"4:4") -> 2 | G5: =COUNTIF(Riesgos!$I$4:$I$50,"4:5") -> 0
A6: 3 Ocasional | B6: 3 | C6: =COUNTIF(Riesgos!$I$4:$I$50,"3:1") -> 0 | D6: =COUNTIF(Riesgos!$I$4:$I$50,"3:2") -> 0 | E6: =COUNTIF(Riesgos!$I$4:$I$50,"3:3") -> 1 | F6: =COUNTIF(Riesgos!$I$4:$I$50,"3:4") -> 2 | G6: =COUNTIF(Riesgos!$I$4:$I$50,"3:5") -> 0
A7: 2 Posible | B7: 2 | C7: =COUNTIF(Riesgos!$I$4:$I$50,"2:1") -> 0 | D7: =COUNTIF(Riesgos!$I$4:$I$50,"2:2") -> 2 | E7: =COUNTIF(Riesgos!$I$4:$I$50,"2:3") -> 1 | F7: =COUNTIF(Riesgos!$I$4:$I$50,"2:4") -> 0 | G7: =COUNTIF(Riesgos!$I$4:$I$50,"2:5") -> 0
A8: 1 Improbable | B8: 1 | C8: =COUNTIF(Riesgos!$I$4:$I$50,"1:1") -> 0 | D8: =COUNTIF(Riesgos!$I$4:$I$50,"1:2") -> 0 | E8: =COUNTIF(Riesgos!$I$4:$I$50,"1:3") -> 0 | F8: =COUNTIF(Riesgos!$I$4:$I$50,"1:4") -> 0 | G8: =COUNTIF(Riesgos!$I$4:$I$50,"1:5") -> 0
B9: Score | C9: 1 | D9: 2 | E9: 3 | F9: 4 | G9: 5
A11: LEYENDA DE NIVELES DE RIESGO
A12: CRÍTICO | B12: P×I ≥ 15 | C12: Acción inmediata (0-30 días). Reporte obligatorio a Junta Directiva y Oficial de Cumplimiento.
A13: MEDIO-ALTO | B13: P×I 8-12 | C13: Plan de acción formal (30-60 días). Monitoreo mensual.
A14: MEDIO | B14: P×I 4-6 | C14: Medidas correctivas (60-90 días). Monitoreo trimestral.
A15: BAJO | B15: P×I 1-3 | C15: Riesgo aceptable con controles mínimos. Monitoreo semestral.
A16: OPT. DE MEJORA | B16: N/A | C16: No es hallazgo de incumplimiento. Mejora preventiva o adecuación normativa prospectiva.
A18: RESUMEN – BRECHAS Y OPORTUNIDADES DE MEJORA (Período: julio 2024 – junio 2025)
A19: Brechas CRÍTICAS | G19: =COUNTIF(Riesgos!$J$4:$J$50,"CRÍTICO") -> 2
A20: Brechas MEDIO-ALTO | G20: =COUNTIF(Riesgos!$J$4:$J$50,"MEDIO-ALTO") -> 6
A21: Brechas MEDIAS | G21: =COUNTIF(Riesgos!$J$4:$J$50,"MEDIO") -> 3
A22: Brechas BAJAS | G22: =COUNTIF(Riesgos!$J$4:$J$50,"BAJO") -> 0
A23: Oportunidades de Mejora | G23: =COUNTIF(Riesgos!$J$4:$J$50,"OPT. DE MEJORA") -> 4
A24: TOTAL HALLAZGOS (Brechas) | G24: =COUNTIF(Riesgos!$B$4:$B$50,"Brecha") -> 11
A25: TOTAL REGISTROS EN MATRIZ | G25: =COUNTA(Riesgos!$A$4:$A$50) -> 15
